codigo,descripcion,domicilio,provincia,codigo_postal
12111030,UDAI CONVENIOS INTERNACIONALES,"PERON 332 PB, CAPITAL FEDERAL, CP.: 1038",CAPITAL FEDERAL,1038
12130020,UDAI VILLA URQUIZA,AV. ALVAREZ THOMAS 2356 CAP FED,CAPITAL FEDERAL,1431
12130030,UDAI CENTRO,AV. CORDOBA 1144 CAP FED.,CAPITAL FEDERAL,1055
12130040,UDAI MONSERRAT,MEXICO 270 CAP FED,CAPITAL FEDERAL,1097
12130050,UDAI LINIERS,AV. GRAL PAZ 10658CAP FED,CAPITAL FEDERAL,1408
12130070,UDAI SAN CRISTOBAL,AV. JUJUY 966,CAPITAL FEDERAL,1229
12131003,UDAI VILLA ALBERTINA,BAYONA 40 ENTRE HOMERO Y FALUCHO – LOMAS DE ZAMORA,BUENOS AIRES,1829
12131050,UDAI LA PLATA,CALLE 9 N° 1279 (ENTRE 58 Y 59),BUENOS AIRES,1900
12131051,UDAI SALADILLO,SARMIENTO 3047 SALADILLO,BUENOS AIRES,7260
12131052,UDAI CAÑUELAS,DEL CARMEN 690 ESQ RIVADAVIA,BUENOS AIRES,1814
12131053,UDAI BERISSO,MONTEVIDEO 110 (POLO TECNOLÓGICO) BERISSO,BUENOS AIRES,1923
12131054,UDAI ENSENADA,LA MERCED 183,BUENOS AIRES,1925
12131055,OFICINA DE GRAL. BELGRANO,AV. SAN MARTIN 541 – GRAL. BELGRANO,BUENOS AIRES,7223
12131057,OFICINA VERONICA,CALLE 30 E/ 31 Y 4TA (VERONICA) BS AS,BUENOS AIRES,1917
12131058,OFICINA RANCHOS,"DR. HERNÁNDEZ CASTRO 2813, RANCHOS, BS AS. CP 1987",BUENOS AIRES,1987
12131059,OFICINA 25 DE MAYO,10 E/ 31 Y 32 Nº 1227 - 25 DE MAYO,BUENOS AIRES,6660
12131060,UDAI JUNIN,WINTER 84 JUNIN,BUENOS AIRES,6000
12131061,UDAI LINCOLN,ALVEAR N° 179,BUENOS AIRES,6070
12131062,OFICINA AMEGHINO,CALLE 5 Y 26 AMEGHINO,BUENOS AIRES,6064
12131063,OFICINA GENERAL PINTO,ALSINA 464,BUENOS AIRES,6050
12131064,OFICINA ASCENCION,LIBERTAD 12 ( ASCENSION ),BUENOS AIRES,6003
12131070,UDAI AZUL,AV. PTE. PERON 425 AZUL,BUENOS AIRES,7300
12131071,UDAI SAN MIGUEL DEL MONTE,ROJAS 800 MONTE,BUENOS AIRES,7220
12131072,OFICINA LAS FLORES,GENERAL PAZ 480 - LAS FLORES,BUENOS AIRES,7200
12131073,OFICINA TAPALQUE,25 DE MAYO 590,BUENOS AIRES,7303
12131074,OFICINA GRAL. ALVEAR,PTE. PERON Y SARMIENTO - GRAL.ALVEAR,BUENOS AIRES,7263
12131079,OFICINA PIGUE,ESPAÑA Nº 270 PIGUE,BUENOS AIRES,8170
12131080,UDAI BAHIA BLANCA,BROWN 180 BAHIA BLANCA,BUENOS AIRES,8000
12131081,UDAI CNEL. DORREGO,ESPAÑA 701 (Y H.YRIGOYEN) CORONEL DORREGO,BUENOS AIRES,8150
12131082,UDAI CORONEL SUAREZ,RIVAS 236 – CNEL. SUAREZ,BUENOS AIRES,7540
12131083,UDAI CNEL. PRINGLES,BELGRANO Nº 604. CNEL.PRINGLES,BUENOS AIRES,7530
12131084,UDAI PUNTA ALTA,ROCA 526 - PUNTA ALTA,BUENOS AIRES,8109
12131085,UDAI BAHIA BLANCA II,COLON 279 - BAHIA BLANCA,BUENOS AIRES,8000
12131086,OFICINA GENERAL CERRI,JOSE M. GUTIERREZ Nº 379-GRAL CERRI,BUENOS AIRES,8105
12131087,OFICINA INGENIERO WHITE,BELGRANO 3741 - ING. WHITE,BUENOS AIRES,8103
12131088,OFICINA MONTE HERMOSO,AVDA BAHIA BLANCA 354,BUENOS AIRES,8153
12131089,OFICINA CARMEN DE PATAGONES,RIVADAVIA 658 (CARMEN DE PATAGONES - BS AS),BUENOS AIRES,8504
12131090,UDAI CAMPANA,MITRE 1265. CAMPANA,BUENOS AIRES,2804
12131091,OFICINA EXALTACION DE LA CRUZ,MITRE 351 CAPILLA DEL SEÑOR,BUENOS AIRES,2812
12131092,UDAI ZARATE,INDEPENDENCIA 641 - ZARATE,BUENOS AIRES,2800
12131093,OFICINA CARHUE,RIVADAVIA Nº 1187 - CARHUE,BUENOS AIRES,6430
12131094,OFICINA DARREGUEIRA,25 DE MAYO Nº 28 - DARREGUEIRA,BUENOS AIRES,8183
12131095,OFICINA CASBAS,CARIDE 58 - CASBAS,BUENOS AIRES,6417
12131096,OFICINA TORNQUIST,9 DE JULIO 598 - TORNQUIST,BUENOS AIRES,8160
12131100,UDAI MAR DEL PLATA,AV. P. LURO 3861 MAR DEL PLATA,BUENOS AIRES,7600
12131101,UDAI BALCARCE,CALLE 16 N° 693 BALCARCE,BUENOS AIRES,7620
12131103,OFICINA MAR CHIQUITA,GENERAL PAZ 534 - CORONEL VIDAL,BUENOS AIRES,7609
12131110,UDAI MERCEDES,CALLE 26 Y 21. MERCEDES,BUENOS AIRES,6600
12131111,UDAI CHIVILCOY,BOLIVAR 79 CHIVILCOY,BUENOS AIRES,6620
12131112,OFICINA LOBOS,AMEGHINO Nª 459 LOBOS,BUENOS AIRES,7240
12131113,UDAI LUJAN,ALMIRANTE BROWN 244 - LUJAN,BUENOS AIRES,6700
12131114,UDAI 9 DE JULIO,VEDIA 774 – 9 DE JULIO,BUENOS AIRES,6500
12131115,OFICINA CARMEN DE ARECO,MARIANO MORENO 541 - CARMEN DE ARECO,BUENOS AIRES,6725
12131116,OFICINA BRAGADO,RIVADAVIA 840,BUENOS AIRES,6640
12131117,OFICINA ALBERTI,URIBURU 85,BUENOS AIRES,6634
12131118,OFICINA LOS TOLDOS,DIAGONAL ARZUAGA Nº295 - LOS TOLDOS,BUENOS AIRES,6015
12131120,UDAI NECOCHEA,CALLE 59 N° 2940 NECOCHEA,BUENOS AIRES,7630
12131121,OFICINA LOBERIA,ARISTOBULO DEL VALLE 272 LOBERIA,BUENOS AIRES,7635
12131122,OFICINA QUEQUÉN,AV. 554 Nº 916 - QUEQUÉN,BUENOS AIRES,7631
12131130,UDAI OLAVARRIA,VICENTE LOPEZ 2825 / 31 OLAVARRIA,BUENOS AIRES,7400
12131131,OFICINA GRAL. LA MADRID,SAN MARTIN 666 – GRAL LA MADRID,BUENOS AIRES,7406
12131132,OFICINA LAPRIDA,AV. PEDRO PEREYRA Y MITRE – (CENTRO CÍVICO) – LAPRIDA,BUENOS AIRES,7414
12131140,UDAI PEHUAJO,LANDA Y LABARDEN. PEHUAJO,BUENOS AIRES,6450
12131141,UDAI TRENQUE LAUQUEN,SANTA MARIA DE ORO N° 367,BUENOS AIRES,6400
12131142,OFICINA CARLOS TEJEDOR,RIVADAVIA 426 CARLOS TEJEDOR,BUENOS AIRES,6455
12131143,OFICINA AMERICA,SARMIENTO 359 PB. AMERICA,BUENOS AIRES,6237
12131144,OFICINA CARLOS CASARES,AV. 9 DE JULIO 150 - CARLOS CASARES,BUENOS AIRES,6530
12131150,UDAI PERGAMINO,SAN NICOLAS 623,BUENOS AIRES,2700
12131151,OFICINA ARRECIFES,ESPAÑA 811 ESQ SAAVEDRA ARRECIFES,BUENOS AIRES,2740
12131152,OFICINA COLON,CALLE 21 NRO 624 - COLON - BS. AS.,BUENOS AIRES,2720
12131153,OFICINA ROJAS,EVA PERÓN NRO. 518 - ROJAS - BS. AS.,BUENOS AIRES,2705
12131154,OFICINA SALTO,AV MITRE NRO. 499 - SALTO - BS. AS.,BUENOS AIRES,2741
12131160,UDAI SAN NICOLAS,NACION 649 ESQUINA SOLER SAN NICOLAS,BUENOS AIRES,2900
12131161,UDAI SAN PEDRO,25 DE MAYO Y BALCARCE SAN PEDRO,BUENOS AIRES,2930
12131162,UDAI RAMALLO,SAN MARTIN Y CATAMARCA S/N,BUENOS AIRES,2915
12131163,UDAI BARADERO,ANCHORENA 1127 - BARADERO,BUENOS AIRES,2942
12131164,OFICINA CAPITAN SARMIENTO,CENTENARIO 499,BUENOS AIRES,2752
12131165,OFICINA LA EMILIA,DR. ALBERTO GONZALEZ ESQ. ERACLIO FERREYRA - LA EMILIA,BUENOS AIRES,2901
12131166,OFICINA SAN ANTONIO DE ARECO,MITRE 390 – SAN ANTONIO DE ARECO - BS. AS.,BUENOS AIRES,2760
12131167,OFICINA SAN ANDRES DE GILES,SAN MARTÍN 1001 - SAN ANDRÉS DE GILES – BS AS – CP 6720,BUENOS AIRES,6720
12131170,UDAI TANDIL,"CHACABUCO 507, TANDIL",BUENOS AIRES,7000
12131171,UDAI AYACUCHO,GUEMES 664 - AYACUCHO,BUENOS AIRES,7150
12131172,UDAI BENITO JUAREZ,SANTANA ZABALZA 93,BUENOS AIRES,7020
12131174,OFICINA GRAL. GUIDO,HIPOLITO IRIGOYEN 273 – GRAL GUIDO,BUENOS AIRES,7118
12131175,OFICINA COLONIA VELA,MITRE 547 – VELA,BUENOS AIRES,7003
12131180,UDAI DE LA COSTA y V GESELL,AVENIDA 3 N° 875 / 79 VILLA GESELL,BUENOS AIRES,7165
12131181,OFICINA MAR DE AJO,JORGE NEWBERY Nº 1487 MAR DE AJO,BUENOS AIRES,7109
12131182,UDAI GENERAL MADARIAGA,MARTINEZ GUERRERO Nº 1850 - GRAL. MADARIAGA,BUENOS AIRES,7163
12131183,OFICINA PINAMAR,JASSON Y VALLE FÉRTIL - PINAMAR,BUENOS AIRES,7167
12131184,OFICINA SANTA CLARA DEL MAR,"SELVA NEGRA Y SANTA MONICA, SANTA CLARA DEL MAR",BUENOS AIRES,7609
12131190,UDAI TRES ARROYOS,MORENO 443.TRES ARROYOS,BUENOS AIRES,7500
12131191,OFICINA SAN CAYETANO,25 DE MAYO Nº 237,BUENOS AIRES,7521
12131200,UDAI BOLIVAR,AV. ALMIRANTE BROWN Nº225 L.Nº 2 BOLIVAR,BUENOS AIRES,6550
12131201,OFICINA HENDERSON,DIAGONAL 25 Y SARGENTO CABRAL,BUENOS AIRES,6465
12131202,OFICINA DAIREAUX,PELLEGRINI 530,BUENOS AIRES,6555
12131210,UDAI CHACABUCO,SARMIENTO 95 - CHACABUCO,BUENOS AIRES,6740
12131220,UDAI CHASCOMUS,BELGRANO Nº 115 - CHASCOMUS,BUENOS AIRES,7130
12131221,OFICINA PILA,CALLE 23 E/ 2 Y 4 Nº 9 - PILA,BUENOS AIRES,7116
12131222,OFICINA LEZAMA,SAN MARTIN 57 – LEZAMA,BUENOS AIRES,7116
12131240,UDAI DOLORES,25 DE MAYO - ENTRE MITRE Y PELLEGRINI S/N,BUENOS AIRES,7100
12131241,OFICINA MAIPU,LAVALLE Nº 1069 - MAIPU,BUENOS AIRES,7160
12131242,OFICINA CASTELLI,RIVADAVIA 45 - CASTELLI,BUENOS AIRES,7114
12131250,UDAI SAN VICENTE,PRESIDENTE PERÓN 4964 1º PISO (ALEJANDRO KORN),BUENOS AIRES,1864
12131251,OFICINA BRANDSEN,MITRE 265 – BRANDSEN,BUENOS AIRES,1980
12131260,UDAI SANTA TERESITA,CALLE 32 N° 335,BUENOS AIRES,7107
12131261,OFICINA GRAL. LAVALLE,ARTURO DE LA SERNA 1192,BUENOS AIRES,7103
12131262,OFICINA TORDILLO,JUAN MANUEL DE ROSAS 137 – TORDILLO,BUENOS AIRES,7101
12131270,UDAI MAR DEL PLATA SUR,AV. INDEPENDENCIA 3151 MAR DEL PLATA,BUENOS AIRES,7600
12131271,OFICINA MIRAMAR,CALLE 17 ENTRE 32 Y 34 - MIRAMAR,BUENOS AIRES,7607
12131280,UDAI LA PLATA II,PLAZA PASO N° 170/175 ENTRE 13 Y 44,BUENOS AIRES,1900
12131281,OFICINA MAGDALENA,GOENAGA Nº 990 - MAGDALENA,BUENOS AIRES,1913
12131290,UDAI LONGCHAMPS,CARLOS DIEHL 1765,BUENOS AIRES,1854
12131300,UDAI TURDERA,HIPOLITO IRIGOYEN Nº 11585,BUENOS AIRES,1834
12131310,UDAI PUERTO MAR DEL PLATA,CALLE RONDEAU 670 - MAR DEL PLATA,BUENOS AIRES,7603
12131320,UDAI NAVARRO,CALLE 26 N° 330 NAVARRO,BUENOS AIRES,6605
12131330,UDAI RAMOS MEJIA,AV RIVADAVIA 14752 -RAMOS MEJÍA,BUENOS AIRES,1704
12131350,UDAI CONSTITUCION,AVDA. CONSTITUCIÓN Nº 6145 - MAR DEL PLATA,BUENOS AIRES,7600
12132050,UDAI GENERAL ROCA,LA PAMPA 1444. GRAL ROCA,RIO NEGRO,8332
12132051,UDAI CHOELE CHOEL,AVELLANEDA N° 728,RIO NEGRO,8360
12132052,OFICINA VILLA REGINA,CIPOLLETTI 317 - VILLA REGINA,RIO NEGRO,8336
12132060,UDAI COMODORO RIVADAVIA,SAN MARTIN 1543 COMODORO RIVADAVIA,CHUBUT,9000
12132061,OFICINA SAN JULLIAN,AV. SAN MARTIN N° 433,SANTA CRUZ,9310
12132063,OFICINA PTO DESEADO,CALLE PUEYRREDON 297 - PUERTO DESEADO,SANTA CRUZ,9050
12132070,UDAI ESQUEL,9 DE JULIO 740 - ESQUEL,CHUBUT,9200
12132071,OFICINA TREVELIN,AV. FONTANA 170 - TREVELIN- CHUBUT,CHUBUT,9203
12132080,UDAI NEUQUEN,CORDOBA 65 -.PB. NEUQUEN,NEUQUEN,8300
12132081,UDAI ZAPALA,LUIS MONTI Nº 1 Y ESQUINA TRANNACK - ZAPALA,NEUQUEN,8340
12132082,OFICINA CUTRAL CO,AV DEL TRABAJO 964,NEUQUEN,8322
12132083,OFICINA RINCON DE LOS SAUCES,HIPÓLITO IRIGOYEN 161 - RINCÓN DE LOS SAUCES,NEUQUEN,8319
12132090,UDAI RÍO GALLEGOS,VELEZ SARSFIELD 419 - RIO GALLEGOS,SANTA CRUZ,9400
12132091,OFICINA EL CALAFATE,LOS GAUCHOS N 1042 - EL CALAFATE,SANTA CRUZ,9405
12132092,OFICINA PUERTO SANTA CRUZ,TUCUMAN Nº 561-CENTRO CIVICO MUNICIPAL,SANTA CRUZ,9300
12132100,UDAI SAN CARLOS DE BARILOCHE,O' CONNOR 467 BARILOCHE,RIO NEGRO,8400
12132101,OFICINA EL BOLSON,PERITO MORENO N° 3087,RIO NEGRO,8430
12132110,UDAI TRELEW,PELLEGRINI 461,CHUBUT,9100
12132111,UDAI PUERTO MADRYN,HIPOLITO YRIGOYEN Nº 567 PUERTO MADRYN,CHUBUT,9120
12132112,OFICINA RAWSON,MITRE Nº 791-RAWSON,CHUBUT,9103
12132120,UDAI USHUAIA,JUAN MANUEL DE ROSAS 126 - USHUAIA,TIERRA DEL FUEGO,9410
12132121,UDAI RIO GRANDE,ESPORA N° 503 - RIO GRANDE,TIERRA DEL FUEGO,9420
12132130,UDAI VIEDMA,ALVARO BARROS 475 VIEDMA,RIO NEGRO,8500
12132131,OFICINA SIERRA GRANDE,BAHIA BLANCA Nº380,RIO NEGRO,8532
12132132,OFICINA RIO COLORADO,RIVADAVIA N° 151,RIO NEGRO,8138
12132133,OFICINA SAN ANTONIO,SAN MARTIN N° 642,RIO NEGRO,8520
12133050,UDAI BELL VILLE,TUCUMAN 290 BELL VILLE,CORDOBA,2550
12133051,OFICINA LEONES,AMADEO BERTINI 634 – LEONES,CORDOBA,2594
12133060,UDAI CORDOBA,RIVADAVIA N° 6 / 8 / 10 P.B. CORDOBA,CORDOBA,5000
12133061,UDAI JESUS MARIA,CALLE ALMAFUERTE 151 - CORDOBA,CORDOBA,5220
12133062,UDAI VILLA DOLORES,SAN MARTIN 262 V DOLORES,CORDOBA,5870
12133063,UDAI VILLA CARLOS PAZ,9 DE JULIO Nº 555 CARLOS PAZ,CORDOBA,5152
12133070,UDAI CRUZ DEL EJE,SAN MARTIN 283 CRUZ DEL EJE,CORDOBA,5280
12133071,UDAI COSQUIN,SAN LUIS 649 - COSQUIN,CORDOBA,5166
12133100,UDAI RIO CUARTO,SARMIENTO Y VELEZ SARFIELD RIO CUARTO,CORDOBA,5800
12133101,UDAI LABOULAYE,AV. INDEPENDENCIA 678- LABOULAYE,CORDOBA,6120
12133102,OFICINA HUINCA RENANCO,SUIPACHA 462 – HUINCA RENANCÓ,CORDOBA,6270
12133110,UDAI RIO TERCERO,VELEZ SARFIELD 36 RIO TERCERO,CORDOBA,5850
12133120,UDAI SAN FRANCISCO,GERONIMO L. DE CABRERA 1250 SAN FRANCISCO,CORDOBA,2400
12133140,UDAI SAN LUIS,COLON 1101- SAN LUIS,SAN LUIS,5700
12133160,UDAI VILLA MARIA,AV. MITRE 30 VILLA MARIA,CORDOBA,5900
12133170,UDAI VILLA MERCEDES,ESPAÑA 72 VILLA MERCEDES,SAN LUIS,5730
12133171,OFICINA VILLA MERLO,EL TIGRE Y POETA AGÜERO S/N,SAN LUIS,5881
12133180,UDAI SANTA ROSA,SARMIENTO 318 - SANTA ROSA,LA PAMPA,6300
12133181,UDAI GENERAL PICO,CALLE 2 Nº 826,LA PAMPA,6360
12133183,OFICINA INTENDENTE ALVEAR,AV. SAN MARTIN 318 (E/MANUEL BELGRANO Y AV. SARMIENTO)LA PAMPA,LA PAMPA,6221
12133184,OFICINA INGENIERO LUIGGI,TUCUMAN 259 - LA PAMPA,LA PAMPA,6205
12133190,UDAI CORDOBA II,AVELLANEDA 490,CORDOBA,5000
12133191,OFICINA DEAN FUNES,RIVADAVIA 123-DEAN FUNES,CORDOBA,5200
12133200,UDAI ALTA GRACIA,PTE. PERÓN 1997-ALTA GRACIA,CORDOBA,5186
12133300,UDAI LAS HERAS,RIVADAVIA 687 - LAS HERAS,MENDOZA,5539
12134050,UDAI CONCEPCION DEL URUGUAY,ESPAÑA 51 CONC. DEL URUGUAY,ENTRE RIOS,3260
12134051,OFICINA VILLAGUAY,TUCUMAN 250 VILLAGUAY,ENTRE RIOS,3240
12134060,UDAI CONCORDIA,HIPOLITO IRIGOYEN 487 CONCORDIA,ENTRE RIOS,3200
12134061,OFICINA CHAJARI,SARMIENTO 2876 CHAJARI,ENTRE RIOS,3228
12134070,UDAI PARANA,ESPAÑA 319 PARANA,ENTRE RIOS,3100
12134080,UDAI RAFAELA,LEHMANN 470 RAFAELA,SANTA FE,2300
12134081,OFICINA CERES,ALMIRANTE BROWN Y SANTA FE S/N,SANTA FE,2340
12134082,UDAI SAN JORGE,AV. ALBERDI 1155 SAN JORGE,SANTA FE,2451
12134090,UDAI RECONQUISTA,HABEGGER Nº 754 - RECONQUISTA,SANTA FE,3560
12134091,OFICINA TOSTADO,BALCARCE 1132 TOSTADO,SANTA FE,3060
12134093,OFICINA VERA,25 DE MAYO 1730 - VERA,SANTA FE,3550
12134100,UDAI ROSARIO,RIOJA 1120 ROSARIO,SANTA FE,2000
12134101,UDAI VILLA CONSTITUCION,HIPÓLITO YRIGOYEN 217 VILLA CONSTITUCION,SANTA FE,2919
12134102,OFICINA CASILDA,H. YRIGOYEN 2115 CASILDA,SANTA FE,2170
12134103,OFICINA VILLA GDOR GALVEZ,AV. SAN MARTIN 1654 - VILLA GDOR GALVEZ,SANTA FE,2124
12134105,UDAI ROSARIO NORTE,AV. ALBERDI 651 ROSARIO,SANTA FE,2000
12134110,UDAI RUFINO,ESPAÑA 455 - RUFINO,SANTA FE,6100
12134120,UDAI SANTA FE,SAN MARTIN 2533 SANTA FE,SANTA FE,3000
12134121,OFICINA SAN JUSTO,SANTA FE 2376 – SAN JUSTO (SF),SANTA FE,3040
12134122,OFICINA ESPERANZA,RIVADAVIA 2499 SANTA FE,SANTA FE,3080
12134123,OFICINA GALVEZ,LISANDRO DE LA TORRE 234 - GALVEZ,SANTA FE,2252
12134124,OFICINA SANTO TOME (STA FE),7 DE MARZO 2277 - SANTO TOMÉ,SANTA FE,3016
12134130,UDAI VENADO TUERTO,25 DE MAYO 1088 VENADO TUERTO,SANTA FE,2600
12134140,UDAI GUALEGUAY,BELGRANO 150 GUALEGUAY,ENTRE RIOS,2840
12134141,OFICINA VICTORIA,CONGRESO 351- VICTORIA,ENTRE RIOS,3153
12134150,UDAI GUALEGUAYCHU,SAN MARTIN 1024 – GUALEGUAYCHU,ENTRE RIOS,2820
12134160,UDAI CAÑADA DE GOMEZ,MORENO 148 PB CAÑADA DE GOMEZ,SANTA FE,2500
12134170,UDAI ROSARIO OESTE,AV.PROVINCIA UNIDAS Nº 571 - ROSARIO,SANTA FE,2000
12134180,UDAI SANTA FE NORTE,FACUNDO ZUVIRIA 6580 - SANTA FE,SANTA FE,3000
12134190,UDAI VILLA CAÑAS,AV. 50 (ESQUINA CALLE 65)-VILLA CAÑAS,SANTA FE,2607
12135050,UDAI AÑATUYA,CHACABUCO 256 AÑATUYA,SANTIAGO DEL ESTERO,3760
12135060,UDAI CATAMARCA,SAN MARTIN Nº 201 ESQ. AYACUCHO S FDO DEL VALLE,CATAMARCA,4700
12135061,OFICINA BELEN,CORONEL DAZA 69 - BELEN,CATAMARCA,4750
12135062,OFICINA SANTA MARIA,SARMIENTO Nº135 SANTA MARIA,CATAMARCA,4011
12135070,UDAI CONCEPCION,24 DE SEPTIEMBRE1308.ESQ.PTE.J.A.ROCA CONCEPCION,TUCUMAN,4146
12135071,OFICINA MONTEROS,SAN MARTIN 446 1º PISO - MONTEROS,TUCUMAN,4142
12135080,UDAI JUJUY,INDEPENDENCIA 291 SAN SALVADOR DE JUJUY,JUJUY,4600
12135081,OFICINA LA QUIACA,RIVADAVIA S/N,JUJUY,4650
12135082,OFICINA LIBERTADOR GRAL SAN MARTIN,INDEPENDENCIA 272,JUJUY,4512
12135083,OFICINA SAN PEDRO,GOBERNADOR TELLO ESQ. ROGELIO LEACH S/N,JUJUY,4500
12135084,OFICINA HUMAHUACA,BS. AS. N° 630,JUJUY,4630
12135085,OFICINA ABRA PAMPA,GOBERNADOR TELLO ESQ. JUAN DOMINGO PERON S/N,JUJUY,4640
12135090,UDAI LA RIOJA,PELAGIO B. LUNA 545 LA RIOJA,LA RIOJA,5300
12135091,UDAI CHILECITO,25 DE MAYO Nº 233 CHILECITO (LA RIOJA),LA RIOJA,5360
12135092,OFICINA CHEPES,AV. 9 DE JULIO Y SARMIENTO - CHEPES,LA RIOJA,5470
12135093,OFICINA CHAMICAL,"GABRIEL LONGUEVILLE ESQUINA CASTRO BARROS, SIN NUMERO-CHAMICAL",LA RIOJA,5380
12135095,OFICINA AIMOGASTA,SAN MARTIN Y 9 DE JULIO S/N-AIMOGASTA,LA RIOJA,5310
12135100,UDAI SALTA NORTE,JUJUY 43 - SALTA,SALTA,4400
12135101,UDAI METAN,GUEMES 147 SAN JOSE DE METAN,SALTA,4440
12135102,OFICINA CAFAYATE,NUESTRA SRA. DEL ROSARIO N ° 9,SALTA,4427
12135105,OFICINA ROSARIO DE LA FRONTERA,GRAL GUEMEZ N° 274,SALTA,4190
12135106,OFICINA EL CARRIL,GENERAL GUEMES Nº 960 -EL CARRIL,SALTA,4421
12135107,OFICINA GRAL. GÜEMES,ALBERDI Nº 58 - GRAL. GÜEMES,SALTA,4430
12135108,OFICINA ROSARIO DE LERMA,BERNARDO DE IRIGOYEN Nº 114 - ROSARIO DE LERMA,SALTA,4405
12135110,UDAI SANTIAGO DEL ESTERO,25 DE MAYO Nº 28 SGO DEL ESTERO,SANTIAGO DEL ESTERO,4200
12135111,OFICINA MONTE QUEMADO,CABILDO Nº 148 - MONTE QUEMADO,SANTIAGO DEL ESTERO,3714
12135112,UDAI FRIAS,RIVADAVIA Nº 444 FRIAS,SANTIAGO DEL ESTERO,4230
12135113,OFICINA TERMAS DE RÍO HONDO,AV. MORENO Y BELGRANO,SANTIAGO DEL ESTERO,4220
12135114,OFICINA OJO DE AGUA,HIPOLITO YRIGOYEN 352 - OJO DE AGUA,SANTIAGO DEL ESTERO,5250
12135115,OFICINA LA BANDA,REPUBLICA DEL LIBANO Nº 285,SANTIAGO DEL ESTERO,4300
12135120,UDAI TUCUMAN,CORDOBA 498 ESQ. 25 DE MAYO SAN MIGUEL DE TUCUMAN,TUCUMAN,4000
12135121,UDAI YERBA BUENA,AVENIDA ACONQUIJA 670 - CIUDAD DE YERBA BUENA - TUCUMÁN - C.P.4107,TUCUMAN,4107
12135122,OFICINA LULES,ALTE BROWN 114 - SAN ISIDRO DE LULES,TUCUMAN,4128
12135130,UDAI ORAN,CARLOS PELLEGRINI 135 SAN RAMON DE LA NUEVA ORAN,SALTA,4530
12135131,OFICINA TARTAGAL,BELGRANO Y ALBERDI – TARTAGAL,SALTA,4560
12135200,UDAI SALTA SUR,PELLEGRINI 931 - SALTA,SALTA,4400
12136050,UDAI CURUZU CUATIA,BERON DE ASTRADA 961 CURUZU CUATIA,CORRIENTES,3460
12136060,UDAI ELDORADO,SAN MARTIN 1506 EL DORADO,MISIONES,3380
12136061,OFICINA BERNARDO DE IRIGOYEN,AV. LIBERTADOR S/N - B. DE IRIGOYEN,MISIONES,3366
12136062,OFICINA PUERTO IGUAZÚ,AV. MISIONES 249 - PTO. IGUAZU,MISIONES,3370
12136070,UDAI FORMOSA,AV. 9 DE JULIO 196 FORMOSA,FORMOSA,3600
12136071,OFICINA LAS LOMITAS,SAN MARTIN Y MATIENZO S/N,FORMOSA,3630
12136072,OFICINA CLORINDA,12 DE OCTUBRE 1288 - CLORINDA,FORMOSA,3610
12136080,UDAI GOYA,JOSE E. GOMEZ N° 698 GOYA,CORRIENTES,3450
12136090,UDAI POSADAS,3 DE FEBRERO 1940 POSADAS,MISIONES,3300
12136092,UDAI OBERA,9 DE JULIO 850 OBERA,MISIONES,3360
12136100,UDAI RESISTENCIA,PUEYRREDON 95 RESISTENCIA,CHACO,3500
12136110,UDAI ROQUE SAENZ PEÑA,9 DE JULIO 342 ROQUE SAENZ PEÑA,CHACO,3700
12136111,UDAI VILLA ANGELA,MITRE 264 VILLA ANGELA,CHACO,3540
12136112,OFICINA CHARATA,MORENO 474 -CHARATA,CHACO,3730
12136120,UDAI CORRIENTES,AV. 3 DE ABRIL 624 CORRIENTES,CORRIENTES,3400
12136121,OFICINA SANTO TOME,HIPOLITO IRIGOYEN N° 777,CORRIENTES,3340
12136122,OFICINA GOBERNADOR VIRASORO,MOCITO ACUÑA 62,CORRIENTES,3342
12136123,OFICINA ITUZAINGO,AV. 3 DE ABRIL 1521 - ITUZAINGÓ CORRIENTES,CORRIENTES,3302
12136130,UDAI MONTE CASEROS,COLON 1640 MONTE CASEROS,CORRIENTES,3220
12136140,OFICINA LAS BREÑAS,VICTOR MERCANTE Nº 892 - LAS BREÑAS,CHACO,3722
12137050,UDAI LOMAS DE ZAMORA,HIPOLITO YRIGOYEN 7550 - LOMAS DE ZAMORA,BUENOS AIRES,1832
12137060,UDAI QUILMES,H. YRIGOYEN 420 QUILMES,BUENOS AIRES,1878
12137070,UDAI SAN ISIDRO,AV. CENTENARIO 811 SAN ISIDRO,BUENOS AIRES,1642
12137080,UDAI SAN JUSTO,ARTURO ILLIA 2456 SAN JUSTO,BUENOS AIRES,1754
12137081,UDAI VIRREY DEL PINO,J. M. DE ROSAS N° 20538-RUTA 3 KM 35700,BUENOS AIRES,1763
12137082,OFICINA RAMOS MEJIA,AV. RIVADAVIA 13518 ESQ. BROWN-RAMOS MEJIA,BUENOS AIRES,1704
12137083,OFICINA GONZALEZ CATAN,JUAN MANUEL DE ROSAS 17798-RUTA 3 KM 33,BUENOS AIRES,1759
12137090,UDAI SAN MARTIN,CALLE 77 Nº 2048 SAN MARTIN,BUENOS AIRES,1650
12137091,UDAI JOSE LEON SUAREZ,AV. BRIG. JUAN M DE ROSAS (EX AV MÁRQUEZ) 2613,BUENOS AIRES,1655
12137100,UDAI SAN MIGUEL,SARMIENTO 1957 SAN MIGUEL,BUENOS AIRES,1603
12137110,UDAI MORON,CRISOLOGO LARRALDE 514 MORON,BUENOS AIRES,1708
12137120,UDAI AVELLANEDA,FRENCH 58 AVELLANEDA,BUENOS AIRES,1870
12137130,UDAI LANUS,H. YRIGOYEN 5060 LANUS,BUENOS AIRES,1824
12137140,UDAI MONTE GRANDE,MAXIMO PAZ 11 MONTE GRANDE,BUENOS AIRES,1842
12137141,UDAI EZEIZA,CONQUISTA DEL DESIERTO 380 - EZEIZA,BUENOS AIRES,1804
12137150,UDAI MALVINAS ARGENTINAS,J. SEGUI 1702 ESQ. LUIS BERNET-GRAN BERNET,BUENOS AIRES,1615
12137160,UDAI MORENO,BOULEVARD ALCORTA 2438 MORENO,BUENOS AIRES,1744
12137170,OFICINA GENERAL RODRIGUEZ,INTENDENTE MANNY 845,BUENOS AIRES,1748
12138010,UDAI MENDOZA,EUSEBIO BLANCO 450 MENDOZA,MENDOZA,5500
12138011,UDAI VALLE DE UCO,SAN MARTIN 1074 - TUNUYAN,MENDOZA,5560
12138012,OFICINA TUPUNGATO,ALMIRANTE BROWN 186 - TUPUNGATO,MENDOZA,5561
12138020,UDAI SAN RAFAEL,AVDA. MITRE 406 ( Y EMILIO CIVIT) SAN RAFAEL,MENDOZA,5600
12138021,OFICINA MALARGUE,SATURNINO TORRES 225. MALARGUE,MENDOZA,5613
12138022,OFICINA GRAL. ALVEAR (MZA),AMEGHINO 74,MENDOZA,5620
12138030,UDAI SAN MARTIN (MZA),BAILEN Nº 42- SAN MARTIN MZA,MENDOZA,5570
12138031,OFICINA RIVADAVIA,ESTRADA 725 ESQ PUERTO ARGENTINO - RIVADAVIA,MENDOZA,5573
12138040,UDAI SAN JUAN,TUCUMAN 18 NORTE SAN JUAN,SAN JUAN,5400
12138041,OFICINA JACHAL,FLORIDA 699. JACHAL,SAN JUAN,5460
12138042,OFICINA CALINGASTA,LAS HERAS S/N CALINGASTA,SAN JUAN,5405
12138043,OFICINA BICENTENARIO,MITRE 58 OESTE - CIUDAD SAN JUAN,SAN JUAN,5400
12138044,OFICINA CHIMBAS,REMEDIOS DE ESCALADA 98 - CHIMBAS,SAN JUAN,5413
12138050,UDAI RAWSON,REPUBLICA DEL LIBANO 557 RAWSON,SAN JUAN,5425
12138060,UDAI GUAYMALLEN,TOMAS GODOY CRUZ Nº 1533 - NUEVA CIUDAD DEPARTAMENTO GUAYMALLEN,MENDOZA,5519
12142010,UDAI TRUJUI,BERNARDO CAVERI 1415 (EX-CERVANTES) – MORENO,BUENOS AIRES,1744
49401090,UNIDAD DE APOYO PRESTACIONAL,PARANA 451 PB,CAPITAL FEDERAL,1051
49401100,UDAI PACIFICO,AV. SANTA FE 5140 CAP FED,CAPITAL FEDERAL,1425
49401120,UDAI FLORES,AV. EVA PERON 3799 CAP FED,CAPITAL FEDERAL,1407
49402130,UDAI MERLO,SARANDI 670 - MERLO,BUENOS AIRES,1722
49402140,UDAI BERAZATEGUI,CALLE 15 Nº 4691 E/ 146 Y 147 (LISANDRO DE LATORRE) BERAZATEGUI,BUENOS AIRES,1884
49402150,UDAI LAFERRERE,HILARIO ASCASUBI 6091 LAFERRERE,BUENOS AIRES,1757
49402151,OFICINA MARCOS PAZ,RIVADAVIA 1853 - MARCOS PAZ,BUENOS AIRES,1727
49402160,UDAI MUNRO,GERVASIO MENDEZ 3175,BUENOS AIRES,1605
49402170,UDAI TIGRE,HIPOLITO YRIGOYEN 576 EL TALAR DE PACHECO,BUENOS AIRES,1618
49402171,UDAI PILAR,BELGRANO 538 PILAR,BUENOS AIRES,1629
49402172,UDAI ESCOBAR,RIVADAVIA 320,BUENOS AIRES,1625
49402173,UDAI JOSE C. PAZ,PTE PERON 5098 - JOSÉ C PAZ,BUENOS AIRES,1665
49402174,UDAI SAN FRANCISCO SOLANO,CALLE 897 N°4117 (ESQ 841) SAN FRANCISCO SOLANO,BUENOS AIRES,1881
49402175,OFICINA DEL VISO,"JUAN RAMÓN JIMÉNEZ 1095 ESQ. LISANDRO DE LA TORRE, DEL VISO",BUENOS AIRES,1669
49403071,OFICINA PICO TRUNCADO,VELEZ SARSFIELD 601 - PICO TRUNCADO,SANTA CRUZ,9015
49403121,UDAI CIPOLLETTI,3 DE OCTUBRE N° 10,RIO NEGRO,8324
49403122,OFICINA CHOS MALAL,OLASCOAGA 445 - CHOS MALAL - NEUQUEN,NEUQUEN,8353
49403230,UDAI CALETA OLIVIA,AV SAN MARTIN Y AV. DUCARET EDIFICIO SUPE CALETA OLIVIA,SANTA CRUZ,9011
49403231,OFICINA LOS ANTIGUOS,AV 11 DE JULIO S/N (LOS ANTIGUOS),SANTA CRUZ,9041
49403250,OFICINA SAN MARTIN DE LOS ANDES,RUDECINDO ROCA 869 - SAN MARTIN DE LOS ANDES,NEUQUEN,8370
49404041,OFICINA QUIMILI,25 DE MAYO Nº 176 - QUIMILI,SANTIAGO DEL ESTERO,3740
49406241,UDAI GENERAL VILLEGAS,PUEYRREDÓN ESQUINA RIVADAVIA S/N-GENERAL VILLEGAS,BUENOS AIRES,6230
49409130,UDAI GODOY CRUZ,SAN MARTIN SUR 23 GODOY CRUZ,MENDOZA,5501
49409131,OFICINA MAIPU (MZA),ESPAÑA 71 - MAIPU,MENDOZA,5515
49410031,OFICINA RIO TURBIO,AV DE LOS MINEROS N° 637,SANTA CRUZ,9407
49411022,OFICINA MONTERRICO,23 DE AGOSTO ESQ. AV 9 DE JULIO-MONTERRICO,JUJUY,4608
49412001,UDAI FLORENCIO VARELA,ALBERDI 2927 - FLORENCIO VARELA,BUENOS AIRES,1888
49412002,UDAI ITUZAINGO,ZUFRIATEGUI 758 - ITUZAINGO,BUENOS AIRES,1714
49412100,UDAI PLAZA DE MAYO,PASEO COLON 239 PB CAP FED,CAPITAL FEDERAL,1063
49412200,UDAI SAN FERNANDO,SIMON DE IRIONDO 1310 SAN FERNANDO,BUENOS AIRES,1646
49412300,UDAI TRES DE FEBRERO,JUAN BAUTISTA ALBERDI 4839 CASEROS,BUENOS AIRES,1657
49412310,OFICINA CIUDADELA,CALLE MALDONADO N° 175 - CIUDADELA - PARTIDO DE TRES DE FEBRERO,BUENOS AIRES,1702
49412400,UDAI FLORESTA,AV. SEGUROLA 1129/33 CAP FED,CAPITAL FEDERAL,1407
49412500,UDAI HURLINGHAM,AV. PEDRO DÍAZ 1281/1285 HURLINGHAM,BUENOS AIRES,1686
49412600,UDAI BARRACAS,AV. PATRICIOS 939,CAPITAL FEDERAL,1265
49412700,UDAI LUGANO,SAYOS 5654,CAPITAL FEDERAL,1436
